<?xml version="1.0" encoding="UTF-8"?>
<project-private xmlns="http://www.netbeans.org/ns/project-private/1">
    <editor-bookmarks xmlns="http://www.netbeans.org/ns/editor-bookmarks/2" lastBookmarkId="0"/>
    <open-files xmlns="http://www.netbeans.org/ns/projectui-open-files/2">
        <group>
            <file>file:/C:/Users/lwane/Downloads/Store_Management_Project-main%20(1)/Store_Management_Project-main/StoreManagementWebApp/web/add_items.jsp</file>
            <file>file:/C:/Users/lwane/Downloads/Store_Management_Project-main%20(1)/Store_Management_Project-main/StoreManagementWebApp/web/orders.jsp</file>
            <file>file:/C:/Users/lwane/Downloads/Store_Management_Project-main%20(1)/Store_Management_Project-main/StoreManagementWebApp/web/search_result.jsp</file>
            <file>file:/C:/Users/lwane/Downloads/Store_Management_Project-main%20(1)/Store_Management_Project-main/StoreManagementWebApp/web/mgr_login.jsp</file>
            <file>file:/C:/Users/lwane/Downloads/Store_Management_Project-main%20(1)/Store_Management_Project-main/StoreManagementWebApp/web/create_order.jsp</file>
            <file>file:/C:/Users/lwane/Downloads/Store_Management_Project-main%20(1)/Store_Management_Project-main/StoreManagementWebApp/web/view_menu.jsp</file>
            <file>file:/C:/Users/lwane/Downloads/Store_Management_Project-main%20(1)/Store_Management_Project-main/StoreManagementWebApp/web/mgr_view_items.jsp</file>
            <file>file:/C:/Users/lwane/Downloads/Store_Management_Project-main%20(1)/Store_Management_Project-main/StoreManagementWebApp/web/index.html</file>
            <file>file:/C:/Users/lwane/Downloads/Store_Management_Project-main%20(1)/Store_Management_Project-main/StoreManagementWebApp/web/cus_view_items.jsp</file>
            <file>file:/C:/Users/lwane/Downloads/Store_Management_Project-main%20(1)/Store_Management_Project-main/StoreManagementWebApp/web/order_added.jsp</file>
            <file>file:/C:/Users/lwane/Downloads/Store_Management_Project-main%20(1)/Store_Management_Project-main/StoreManagementWebApp/web/edit_item.jsp</file>
            <file>file:/C:/Users/lwane/Downloads/Store_Management_Project-main%20(1)/Store_Management_Project-main/StoreManagementWebApp/web/marg_menu.jsp</file>
        </group>
    </open-files>
</project-private>
